﻿{"data":[{"ChildObjects":[{"ObjectIdentifier":"44828FCE-E037-4CD3-96F6-20EDC4BCD8FC","ObjectType":"OU"},{"ObjectIdentifier":"AD12D5A8-C532-4999-A6D8-859D2B55BF64","ObjectType":"Container"},{"ObjectIdentifier":"E4DB5C03-A2ED-4901-BAE4-0A3073BDAA23","ObjectType":"OU"},{"ObjectIdentifier":"260C8742-4AFB-4F84-A1F4-21648B798312","ObjectType":"OU"},{"ObjectIdentifier":"DA044019-3EF8-4983-AB26-D7E17FFC6002","ObjectType":"Container"},{"ObjectIdentifier":"510F9B8A-64D8-4226-8E10-99FCD8DE0547","ObjectType":"OU"},{"ObjectIdentifier":"60E0D84E-36F5-4EF1-B340-B66788A8548C","ObjectType":"Container"},{"ObjectIdentifier":"CCCB931C-FB5F-4C67-A4BE-0B293A4FBBE9","ObjectType":"Container"},{"ObjectIdentifier":"0515CABB-2011-46A5-A660-6C92756AE719","ObjectType":"OU"},{"ObjectIdentifier":"E1BD8860-0730-41BD-9C2A-C3037C4E7AA7","ObjectType":"OU"},{"ObjectIdentifier":"522362E6-DCC8-4C43-ADDD-0FC7417B4F69","ObjectType":"Container"},{"ObjectIdentifier":"C49B0279-E36A-4F25-862D-B8F8326C940E","ObjectType":"OU"},{"ObjectIdentifier":"A79A2FC8-924A-4B63-A9D6-87FB6C048BD7","ObjectType":"OU"}],"Trusts":[],"Links":[{"IsEnforced":false,"GUID":"C0C864E3-EC04-4C70-8FF3-EB8E4F54DC0F"}],"Aces":[{"PrincipalSID":"ZA.TRYHACKME.COM-S-1-5-32-544","PrincipalType":"Group","RightName":"Owns","IsInherited":false},{"PrincipalSID":"ZA.TRYHACKME.COM-S-1-5-32-544","PrincipalType":"Group","RightName":"WriteDacl","IsInherited":false},{"PrincipalSID":"ZA.TRYHACKME.COM-S-1-5-32-544","PrincipalType":"Group","RightName":"WriteOwner","IsInherited":false},{"PrincipalSID":"ZA.TRYHACKME.COM-S-1-5-32-544","PrincipalType":"Group","RightName":"AllExtendedRights","IsInherited":false},{"PrincipalSID":"S-1-5-21-3330634377-1326264276-632209373-512","PrincipalType":"Group","RightName":"WriteDacl","IsInherited":false},{"PrincipalSID":"S-1-5-21-3330634377-1326264276-632209373-512","PrincipalType":"Group","RightName":"WriteOwner","IsInherited":false},{"PrincipalSID":"S-1-5-21-3330634377-1326264276-632209373-512","PrincipalType":"Group","RightName":"AllExtendedRights","IsInherited":false},{"PrincipalSID":"S-1-5-21-3330634377-1326264276-632209373-519","PrincipalType":"Group","RightName":"GenericAll","IsInherited":false},{"PrincipalSID":"ZA.TRYHACKME.COM-S-1-5-9","PrincipalType":"Group","RightName":"GetChanges","IsInherited":false},{"PrincipalSID":"ZA.TRYHACKME.COM-S-1-5-32-544","PrincipalType":"Group","RightName":"GetChangesAll","IsInherited":false},{"PrincipalSID":"ZA.TRYHACKME.COM-S-1-5-32-544","PrincipalType":"Group","RightName":"GetChanges","IsInherited":false},{"PrincipalSID":"S-1-5-21-3330634377-1326264276-632209373-498","PrincipalType":"Group","RightName":"GetChanges","IsInherited":false},{"PrincipalSID":"S-1-5-21-3330634377-1326264276-632209373-516","PrincipalType":"Group","RightName":"GetChangesAll","IsInherited":false}],"ObjectIdentifier":"S-1-5-21-3330634377-1326264276-632209373","IsDeleted":false,"IsACLProtected":false,"GPOChanges":{"LocalAdmins":[],"RemoteDesktopUsers":[],"DcomUsers":[],"PSRemoteUsers":[],"AffectedComputers":[{"ObjectIdentifier":"S-1-5-21-3330634377-1326264276-632209373-1001","ObjectType":"Computer"},{"ObjectIdentifier":"S-1-5-21-3330634377-1326264276-632209373-3134","ObjectType":"Computer"},{"ObjectIdentifier":"S-1-5-21-3330634377-1326264276-632209373-3135","ObjectType":"Computer"},{"ObjectIdentifier":"S-1-5-21-3330634377-1326264276-632209373-4104","ObjectType":"Computer"}]},"Properties":{"domain":"ZA.TRYHACKME.COM","name":"ZA.TRYHACKME.COM","distinguishedname":"DC=ZA,DC=TRYHACKME,DC=COM","domainsid":"S-1-5-21-3330634377-1326264276-632209373","highvalue":true,"description":null,"whencreated":1645739848,"functionallevel":"2012 R2"}}],"meta":{"methods":29695,"type":"domains","count":1,"version":4}}